3.46533415758315e-10,1.03050304942183,1.59049166469643e-25,9.57683319068907e-26
6.93066831516631e-10,1.48555295355861,1.8322416476968e-25,1.21976923239026e-25
1.03960024727495e-09,1.75460230432647,1.70521467000637e-25,1.16428074272759e-25
1.38613366303326e-09,2.03865347067974,1.56638082721091e-25,1.08428783150617e-25
1.73266707879158e-09,2.43464129680501,1.51624781008213e-25,1.08226900284665e-25
2.07920049454989e-09,2.84946973606237,1.43401004361819e-25,1.03799851075578e-25
2.42573391030821e-09,3.34959122206688,1.37781284727071e-25,1.00489772646672e-25
2.77226732606652e-09,3.94114503607722,1.34140521083919e-25,9.83003036394772e-26
3.11880074182484e-09,4.5746912921473,1.28818878165508e-25,9.33202717098933e-26
3.46533415758315e-09,5.33330298491363,1.26322521038514e-25,9.0863339228303e-26
3.81186757334147e-09,6.18355902370883,1.2405753250729e-25,8.80439868251409e-26
4.15840098909978e-09,7.11489015598101,1.2140422030101e-25,8.40813511941823e-26
4.5049344048581e-09,8.1861491997541,1.2031063335663e-25,8.18266427052915e-26
4.85146782061642e-09,9.36244690949865,1.19112509589419e-25,7.90057885416124e-26
5.19800123637473e-09,10.6586822328341,1.18101802244917e-25,7.60807544696216e-26
5.54453465213305e-09,12.1070581983463,1.17847385911291e-25,7.40871098193972e-26
5.89106806789136e-09,13.6778234224317,1.17420509892691e-25,7.15455568273771e-26
6.23760148364968e-09,15.4023733489673,1.17339473090297e-25,6.93700032252276e-26
6.58413489940799e-09,17.2937996947169,1.17631983721889e-25,6.76954435076435e-26
6.93066831516631e-09,19.3248599084078,1.177338649191e-25,6.55026906414298e-26
7.27720173092462e-09,21.5397839832643,1.1819584439945e-25,6.38662315392256e-26
7.62373514668294e-09,23.9368619084647,1.18840948351613e-25,6.2488498644024e-26
7.97026856244125e-09,26.4899567479658,1.19301395909761e-25,6.06339341771421e-26
8.31680197819957e-09,29.2533971021922,1.2008829616352e-25,5.93866949785962e-26
8.66333539395788e-09,32.2137541149355,1.2096115654705e-25,5.82625089534578e-26
9.0098688097162e-09,35.3449677530798,1.21665778544044e-25,5.67095637671028e-26
9.35640222547452e-09,38.7093777181151,1.2265010619736e-25,5.57455202937304e-26
9.70293564123283e-09,42.2822837601255,1.23659596017175e-25,5.48053881599181e-26
1.00494690569911e-08,46.0444607679823,1.24554134269194e-25,5.35653022943545e-26
1.03960024727495e-08,50.053250663845,1.25648281325007e-25,5.27824195576697e-26
1.07425358885078e-08,54.2829490035111,1.26751557833542e-25,5.20066364925102e-26
1.10890693042661e-08,58.7160043079869,1.27767530908767e-25,5.10032671298452e-26
1.14356027200244e-08,63.4069076072213,1.28932464952849e-25,5.03670479752092e-26
1.17821361357827e-08,68.3295496498029,1.30100859615738e-25,4.97368612683685e-26
1.2128669551541e-08,73.4643753131765,1.31193519367177e-25,4.89115650997526e-26
1.24752029672994e-08,78.8667514783841,1.32404038290636e-25,4.83957764486523e-26
1.28217363830577e-08,84.5096794531547,1.33617920204876e-25,4.7893679677766e-26
1.3168269798816e-08,90.3682617938651,1.34758176312657e-25,4.72033414697451e-26
1.35148032145743e-08,96.5024089912016,1.35997477005632e-25,4.67868519440955e-26
1.38613366303326e-08,102.883815974004,1.37242045070069e-25,4.63940723802777e-26
1.42078700460909e-08,109.480163102579,1.38413082486285e-25,4.5813250683452e-26
1.45544034618492e-08,116.357038615108,1.3966859500159e-25,4.54756565606326e-26
1.49009368776076e-08,123.483668600476,1.40928081256081e-25,4.51614035960592e-26
1.52474702933659e-08,130.828636221601,1.42129654397781e-25,4.47012136593372e-26
1.55940037091242e-08,138.447889604549,1.43387349582902e-25,4.44109002411856e-26
1.59405371248825e-08,146.320160418924,1.4465483061524e-25,4.41621457846294e-26
1.62870705406408e-08,154.412867184379,1.45879096718321e-25,4.38076073276791e-26
1.66336039563991e-08,162.767953943707,1.47133130308179e-25,4.35515623981762e-26
1.69801373721575e-08,171.378247926697,1.48403939507595e-25,4.33577997448542e-26
1.73266707879158e-08,180.211043354231,1.49645407244762e-25,4.30966852277894e-26
1.76732042036741e-08,189.287462188705,1.50891810388938e-25,4.28646052062e-26
1.80197376194324e-08,198.621505207071,1.52162722646418e-25,4.27172476026302e-26
1.83662710351907e-08,208.18024540025,1.53417665121993e-25,4.2539618323016e-26
1.8712804450949e-08,217.956755047936,1.5465363391813e-25,4.23231476666852e-26
1.90593378667073e-08,227.993936353382,1.55922492959916e-25,4.221515642019e-26
1.94058712824657e-08,238.259076125224,1.57188428045922e-25,4.21129205070118e-26
1.9752404698224e-08,248.708576813539,1.58411918959827e-25,4.19051446409642e-26
2.00989381139823e-08,259.423088752886,1.59677279656483e-25,4.18306871436933e-26
2.04454715297406e-08,270.357412278525,1.60940932149601e-25,4.17647110526724e-26
2.07920049454989e-08,281.473867785118,1.62173640319407e-25,4.16252506492909e-26
2.11385383612572e-08,292.822261490172,1.63423065699101e-25,4.15465682382151e-26
2.14850717770156e-08,304.392807587049,1.64682122554592e-25,4.15080443548116e-26
2.18316051927739e-08,316.150374884337,1.65925707021733e-25,4.1438820482012e-26
2.21781386085322e-08,328.093426500227,1.67157179285129e-25,4.13483478929501e-26
2.25246720242905e-08,340.265593992725,1.6841112297723e-25,4.1333353318024e-26
2.28712054400488e-08,352.630807073424,1.69663109949086e-25,4.13243402344033e-26
2.32177388558071e-08,365.132572468836,1.70879606668137e-25,4.12286751146081e-26
2.35642722715654e-08,377.866565924958,1.72126430176549e-25,4.12290333834064e-26
2.39108056873238e-08,390.783621859298,1.73372992073573e-25,4.12393608846665e-26
2.42573391030821e-08,403.847464975594,1.74600947319091e-25,4.1209325330104e-26
2.46038725188404e-08,417.081101371011,1.75827120220849e-25,4.11851872516321e-26
2.49504059345987e-08,430.510835044248,1.77068152907924e-25,4.12121169565475e-26
2.5296939350357e-08,444.103302235859,1.7830724227157e-25,4.12432463126187e-26
2.56434727661153e-08,457.791376653114,1.79512883744502e-25,4.11938483953338e-26
2.59900061818737e-08,471.693519543641,1.80748175673392e-25,4.1234480592546e-26
2.6336539597632e-08,485.745859908584,1.81981726300545e-25,4.12792111088744e-26
2.66830730133903e-08,499.913464002665,1.83199973914055e-25,4.12919421549318e-26
2.70296064291486e-08,514.212065634024,1.8441287002341e-25,4.12994004244184e-26
2.73761398449069e-08,528.684095213035,1.85640944947287e-25,4.13557508205009e-26
2.77226732606652e-08,543.288195744007,1.86867158902614e-25,4.14149808280118e-26
2.80692066764235e-08,557.959007448893,1.88067115902647e-25,4.14136269024824e-26
2.84157400921819e-08,572.799452876722,1.8928489542644e-25,4.14669556698573e-26
2.87622735079402e-08,587.771254945492,1.90505731173142e-25,4.15355862626258e-26
2.91088069236985e-08,602.844618565387,1.91719876310436e-25,4.15940498287924e-26
2.94553403394568e-08,617.975597120605,1.92913661314716e-25,4.16076304077214e-26
2.98018737552151e-08,633.27691316068,1.94129205039372e-25,4.16841755392899e-26
3.01484071709734e-08,648.680939114685,1.95342987338606e-25,4.17625988044841e-26
3.04949405867318e-08,664.144994946621,1.96542452299314e-25,4.18114373839269e-26
3.08414740024901e-08,679.693533453281,1.9773769614322e-25,4.1856320027944e-26
3.11880074182484e-08,695.378411645524,1.98946301884636e-25,4.19409729414824e-26
3.15345408340067e-08,711.150314832617,2.00153197518395e-25,4.20270427690714e-26
3.1881074249765e-08,726.942898194261,2.01340039639379e-25,4.2069675930705e-26
3.22276076655233e-08,742.844796699603,2.02534817894482e-25,4.21378210568121e-26
3.25741410812816e-08,758.851735258498,2.03736628881016e-25,4.22286610980669e-26
3.292067449704e-08,774.930945550547,2.0493677274786e-25,4.232051499603e-26
3.32672079127983e-08,790.994792147337,2.06112879317128e-25,4.23600142639891e-26
3.36137413285566e-08,807.18866177658,2.0730540622646e-25,4.2444362705383e-26
3.39602747443149e-08,823.460191235141,2.08500528536978e-25,4.25397164274995e-26
3.43068081600732e-08,839.790365177232,2.09694011319449e-25,4.26357294031304e-26
3.46533415758315e-08,856.073868317343,2.10861153647732e-25,4.26749348099469e-26
3.49998749915899e-08,872.501222257172,2.12049694937252e-25,4.27691843732061e-26
3.53464084073482e-08,888.984131727669,2.13238191712496e-25,4.28675877530629e-26
3.56929418231065e-08,905.51313295651,2.14425064417566e-25,4.29663380586778e-26
3.60394752388648e-08,921.970639856256,2.15584956081386e-25,4.3007948674424e-26
3.63860086546231e-08,938.575575119881,2.16767770764201e-25,4.3106383740692e-26
3.67325420703814e-08,955.220968227699,2.17949659809721e-25,4.3206552299329e-26
3.70790754861397e-08,971.900961911449,2.19129928333447e-25,4.33067922467247e-26
3.74256089018981e-08,988.493139802488,2.20284267101871e-25,4.33534333409374e-26
3.77721423176564e-08,1005.22191632418,2.21459559694544e-25,4.34507926513633e-26
3.81186757334147e-08,1021.98505539778,2.2263481676834e-25,4.35515980038358e-26
3.8465209149173e-08,1038.77232958961,2.23808445344839e-25,4.36522315347402e-26
3.88117425649313e-08,1055.46640795252,2.24958951747152e-25,4.37065053654478e-26
3.91582759806896e-08,1072.26688884083,2.2612483431031e-25,4.3797879555094e-26
3.9504809396448e-08,1089.10704130304,2.27293393628115e-25,4.38983300259926e-26
3.98513428122063e-08,1105.96180177303,2.28460306860395e-25,4.39983942444973e-26
4.01978762279646e-08,1122.73172096144,2.29608760419785e-25,4.4062917739199e-26
4.05444096437229e-08,1139.55257445542,2.30763226539731e-25,4.41436701324343e-26
4.08909430594812e-08,1156.43262145237,2.31924988845271e-25,4.42428952512991e-26
4.12374764752395e-08,1173.31864797745,2.33085077486962e-25,4.43415453530061e-26
4.15840098909979e-08,1190.14535998158,2.34233343095538e-25,4.44189768204836e-26
4.19305433067562e-08,1206.93531558613,2.3537424121379e-25,4.44846817876367e-26
4.22770767225145e-08,1223.82151669609,2.36529074538377e-25,4.45819189414194e-26
4.26236101382728e-08,1240.70583876313,2.37682199480125e-25,4.46784155021576e-26
4.29701435540311e-08,1257.57737584042,2.38832260417379e-25,4.47714731402277e-26
4.33166769697894e-08,1274.28429818439,2.39957275312174e-25,4.48178690633739e-26
4.36632103855477e-08,1291.14591189654,2.41105020753346e-25,4.49124524885544e-26
4.40097438013061e-08,1307.99846369503,2.42251017312055e-25,4.50061506974679e-26
4.43562772170644e-08,1324.84022298642,2.43395257039017e-25,4.50989320608953e-26
4.47028106328227e-08,1341.55025768972,2.44521359118133e-25,4.51594567728411e-26
4.5049344048581e-08,1358.28910029658,2.45652110573709e-25,4.52319285136093e-26
4.53958774643393e-08,1375.08229770312,2.46790795476478e-25,4.53222688125028e-26
4.57424108800976e-08,1391.858350907,2.47927673445877e-25,4.54115708631012e-26
4.60889442958559e-08,1408.5930574188,2.49059824321889e-25,4.5494401475765e-26
4.64354777116143e-08,1425.14397893411,2.50169560982482e-25,4.55381220552327e-26
4.67820111273726e-08,1441.85257808427,2.51300729654989e-25,4.56246224416937e-26
4.71285445431309e-08,1458.53802899428,2.52430042758024e-25,4.57099798947837e-26
4.74750779588892e-08,1475.1989903534,2.53557486222798e-25,4.57941715946812e-26
4.78216113746475e-08,1491.72192999911,2.54669738555479e-25,4.5853229046911e-26
4.81681447904058e-08,1508.21236082473,2.55779974110506e-25,4.59113654711415e-26
4.85146782061642e-08,1524.78418981108,2.56901505229005e-25,4.59923819024226e-26
4.88612116219225e-08,1541.32604944621,2.58021114251886e-25,4.60721467355308e-26
4.92077450376808e-08,1557.83675419157,2.5913878500515e-25,4.6150641433118e-26
4.95542784534391e-08,1574.12166195998,2.60233224502299e-25,4.61907814976102e-26
4.99008118691974e-08,1590.50816427533,2.61341174744266e-25,4.62572656775804e-26
5.02473452849557e-08,1606.90969047912,2.62452724667535e-25,4.63322834201096e-26
5.05938787007141e-08,1623.27500230325,2.63562281349808e-25,4.64059621596374e-26
5.09404121164724e-08,1639.60290743238,2.64669831422326e-25,4.64782866521785e-26
5.12869455322307e-08,1655.63252907291,2.65748755020362e-25,4.65043971565948e-26
5.1633478947989e-08,1671.86774863641,2.66851414301361e-25,4.65733666795771e-26
5.19800123637473e-08,1688.06781882249,2.67952629933371e-25,4.6641977110788e-26
5.23265457795056e-08,1704.22574551806,2.69051782808879e-25,4.67091796164453e-26
5.26730791952639e-08,1720.32544045907,2.70147407049965e-25,4.67725880535111e-26
5.30196126110223e-08,1736.12220569076,2.71216280563435e-25,4.67943941643102e-26
5.33661460267806e-08,1752.13804048309,2.72308929877753e-25,4.68577332726073e-26
5.37126794425389e-08,1768.10717788851,2.73399460757797e-25,4.6919621870101e-26
5.40592128582972e-08,1784.0285923893,2.74487857870664e-25,4.69800508077614e-26
5.44057462740555e-08,1799.89787857572,2.75573809855009e-25,4.70385379267528e-26
5.47522796898138e-08,1815.41161104841,2.76630294602751e-25,4.70524650159291e-26
5.50988131055721e-08,1831.17379956353,2.77711982536852e-25,4.71088917897291e-26
5.54453465213305e-08,1846.88385361386,2.78791483208603e-25,4.71638284998196e-26
5.57918799370888e-08,1862.54076978544,2.79868782057898e-25,4.72172686418502e-26
5.61384133528471e-08,1878.14348932685,2.80943866547174e-25,4.72692057355434e-26
5.64849467686054e-08,1893.4062937028,2.81992883742299e-25,4.72832358007153e-26
5.68314801843637e-08,1908.83557135396,2.83058882607678e-25,4.73257778392776e-26
5.7178013600122e-08,1924.25926549135,2.84127020195141e-25,4.73736074024546e-26
5.75245470158804e-08,1939.6245387332,2.85192890671225e-25,4.74199168700142e-26
5.78710804316387e-08,1954.93037652689,2.86256481290604e-25,4.74647022897225e-26
5.8217613847397e-08,1969.97781396287,2.87302217654808e-25,4.74849735927165e-26
5.85641472631553e-08,1984.98792606245,2.88348014675963e-25,4.75076883187642e-26
5.89106806789136e-08,2000.09858385306,2.89404472365535e-25,4.75483219995272e-26
5.92572140946719e-08,2015.14562082792,2.90458601101221e-25,4.75874239736889e-26
5.96037475104303e-08,2030.12805091608,2.91510388292986e-25,4.76249925318107e-26
5.99502809261886e-08,2045.00445894828,2.92556833148144e-25,4.76567555765575e-26
6.02968143419469e-08,2059.49817837518,2.93577855220305e-25,4.76542384291581e-26
6.06433477577052e-08,2074.26947919341,2.94622336325061e-25,4.76876461795656e-26
6.09898811734635e-08,2088.97203356456,2.9566442978753e-25,4.77195214571288e-26
6.13364145892218e-08,2103.60484229018,2.96704124390517e-25,4.77498642437101e-26
6.16829480049801e-08,2118.1669157166,2.97741408786908e-25,4.77786749251643e-26
6.20294814207385e-08,2132.44036392523,2.98761299356793e-25,4.77853289719373e-26
6.23760148364968e-08,2146.64127626795,2.99779217038482e-25,4.7791526155673e-26
6.27225482522551e-08,2160.97327062391,3.00809005086695e-25,4.78162059932414e-26
6.30690816680134e-08,2175.23040938932,3.01836341175499e-25,4.78393635327252e-26
6.34156150837717e-08,2189.41170790046,3.02861214714785e-25,4.78610008176567e-26
6.376214849953e-08,2203.51617595919,3.03883615448323e-25,4.78811201071703e-26
6.41086819152883e-08,2217.19548274674,3.04881101732542e-25,4.78699335139735e-26
6.44552153310467e-08,2231.01979919049,3.05891076128194e-25,4.78777052069353e-26
6.4801748746805e-08,2244.87531659553,3.06905812474386e-25,4.78937614343622e-26
6.51482821625633e-08,2258.64988891284,3.07918038981716e-25,4.79083171022393e-26
6.54948155783216e-08,2272.34252465075,3.08927746352549e-25,4.79213758500017e-26
6.58413489940799e-08,2285.9522347908,3.09934925379221e-25,4.79329415833609e-26
6.61878824098382e-08,2299.06908836543,3.10914805507754e-25,4.79113162195427e-26
6.65344158255966e-08,2312.4107952805,3.11911441016333e-25,4.79135229106923e-26
6.68809492413549e-08,2325.75275343947,3.12910810526174e-25,4.79211255566094e-26
6.72274826571132e-08,2339.00767485553,3.13907619640649e-25,4.79272591281596e-26
6.75740160728715e-08,2352.17457054298,3.14901860124782e-25,4.79319287225072e-26
6.79205494886298e-08,2365.25245163746,3.15893523919047e-25,4.79351396384658e-26
6.82670829043881e-08,2377.86545185976,3.16861278480062e-25,4.79105782374345e-26
6.86136163201464e-08,2390.59229598947,3.17838590881292e-25,4.7900088980756e-26
6.89601497359048e-08,2403.38370885181,3.18822323906438e-25,4.78994636517314e-26
6.93066831516631e-08,2416.08200870875,3.19803453286805e-25,4.78974090972422e-26
6.96532165674214e-08,2428.68620900789,3.20781971959103e-25,4.78939316264894e-26
6.99997499831797e-08,2441.1953238038,3.2175787304042e-25,4.7889037718027e-26
7.0346283398938e-08,2453.39428887021,3.22719687778754e-25,4.7869097731865e-26
7.06928168146963e-08,2465.34368383731,3.23671081482613e-25,4.78388145214824e-26
7.10393502304547e-08,2477.54776765558,3.24638954531077e-25,4.78302334176608e-26
7.1385883646213e-08,2489.65269752729,3.25604188165215e-25,4.7820269947677e-26
7.17324170619713e-08,2501.65749372804,3.26566776504045e-25,4.78089314390099e-26
7.20789504777296e-08,2513.56117772781,3.27526713854717e-25,4.77962253566994e-26
7.24254838934879e-08,2525.3627727459,3.28483994699919e-25,4.77821593052468e-26
7.27720173092462e-08,2536.55537501303,3.294132638936e-25,4.77377644021478e-26
7.31185507250046e-08,2548.0268639412,3.30359581826938e-25,4.77151309302413e-26
7.34650841407629e-08,2559.50207932313,3.31308749978269e-25,4.76975749876311e-26
7.38116175565212e-08,2570.8712001772,3.32255245734962e-25,4.76786975157498e-26
7.41581509722795e-08,2582.13326200718,3.33199064573328e-25,4.76585068015277e-26
7.45046843880378e-08,2593.28730292182,3.34140202150223e-25,4.76370112431301e-26
7.48512178037961e-08,2604.3194058447,3.35078040871497e-25,4.76135436058053e-26
7.51977512195544e-08,2614.60653447885,3.35983358742379e-25,4.75560420096908e-26
7.55442846353128e-08,2625.41632852557,3.36916337349772e-25,4.75312400148442e-26
7.58908180510711e-08,2636.11418306018,3.37846623829934e-25,4.75051745771306e-26
7.62373514668294e-08,2646.69915472445,3.38774214816613e-25,4.7477854647547e-26
7.65838848825877e-08,2657.17030400587,3.3969910712085e-25,4.74492892657786e-26
7.6930418298346e-08,2667.52669547288,3.40621297729518e-25,4.74194875573275e-26
7.72769517141043e-08,2677.7673979698,3.41540783805201e-25,4.7388458729972e-26
7.76234851298626e-08,2687.22586249254,3.42428149922725e-25,4.73251820471671e-26
7.7970018545621e-08,2697.17899116734,3.43340418755129e-25,4.7290440254815e-26
7.83165519613793e-08,2707.05241511512,3.44251716776473e-25,4.72563680262236e-26
7.86630853771376e-08,2716.80639564671,3.45160305836758e-25,4.72211130711267e-26
7.90096187928959e-08,2726.44002946897,3.4606618404217e-25,4.71846849994765e-26
7.93561522086542e-08,2735.95241897549,3.4696934966947e-25,4.71470934839899e-26
7.97026856244125e-08,2745.34267248016,3.47869801165109e-25,4.7108348257235e-26
8.00492190401709e-08,2754.18858038367,3.48749995544354e-25,4.70506850462558e-26
8.03957524559292e-08,2762.99440958534,3.49631373861458e-25,4.69962348726248e-26
8.07422858716875e-08,2771.99832422309,3.50523644062772e-25,4.69546854773759e-26
8.10888192874458e-08,2780.87654663852,3.51413201110059e-25,4.69120285383794e-26
8.14353527032041e-08,2789.6282218986,3.52300044355019e-25,4.68682740727154e-26
8.17818861189624e-08,2798.25250249172,3.5318417331276e-25,4.68234321400545e-26
8.21284195347207e-08,2806.74854857172,3.5406558766075e-25,4.67775128401115e-26
8.24749529504791e-08,2815.11552820417,3.54944287237764e-25,4.67305263101961e-26
8.28214863662374e-08,2822.68455577239,3.55794170749526e-25,4.66571620004008e-26
8.31680197819957e-08,2830.65085115662,3.56662470527038e-25,4.66037796436933e-26
8.3514553197754e-08,2838.61124095767,3.5753302923492e-25,4.65542701861961e-26
8.38610866135123e-08,2846.43929657699,3.58400879972303e-25,4.65037408935211e-26
8.42076200292706e-08,2854.1342333653,3.59266023431942e-25,4.64522020697551e-26
8.4554153445029e-08,2861.69527613366,3.60128460460579e-25,4.63996640415188e-26
8.49006868607873e-08,2869.12165940374,3.6098819205777e-25,4.63461371557887e-26
8.52472202765456e-08,2876.41262765514,3.61845219374693e-25,4.62916317777566e-26
8.55937536923039e-08,2882.95615722609,3.62677070676107e-25,4.62152919650396e-26
8.59402871080622e-08,2889.73450791479,3.63520335320623e-25,4.61515578142437e-26
8.62868205238205e-08,2896.60070422615,3.64369295408074e-25,4.60948124661737e-26
8.66333539395789e-08,2903.32857522004,3.65215563429029e-25,4.60371364700163e-26
8.69798873553372e-08,2909.91742325094,3.6605914133055e-25,4.59785402548385e-26
8.73264207710955e-08,2916.36656217345,3.66900031203202e-25,4.59190342548916e-26
8.76729541868538e-08,2922.67531758375,3.67738235279874e-25,4.5858628907689e-26
8.80194876026121e-08,2928.84302706078,3.68573755934597e-25,4.57973346520836e-26
8.83660210183704e-08,2934.71823271102,3.69401364769735e-25,4.57305152363542e-26
8.87125544341287e-08,2939.86733540179,3.70206274230423e-25,4.56452038939206e-26
8.90590878498871e-08,2945.59456690235,3.71033831385683e-25,4.55819495806474e-26
8.94056212656454e-08,2951.17826704911,3.71858722293296e-25,4.55178539716596e-26
8.97521546814037e-08,2956.61784156818,3.72680950059475e-25,4.54529274803868e-26
9.0098688097162e-08,2961.91270965323,3.73500517922649e-25,4.53871805105848e-26
9.04452215129203e-08,2967.06230419711,3.74317429252111e-25,4.53206234547303e-26
9.07917549286786e-08,2972.06607201798,3.75131687546891e-25,4.52532666923074e-26
9.1138288344437e-08,2976.92347409883,3.75943296434031e-25,4.51851205885674e-26
9.14848217601953e-08,2981.54517224148,3.76749360139727e-25,4.51137393811182e-26
9.18313551759536e-08,2985.27401278574,3.77528628935085e-25,4.50212457444793e-26
9.21778885917119e-08,2989.67663385661,3.7833242280559e-25,4.4951448748554e-26
9.25244220074702e-08,2993.93095562299,3.79133589455972e-25,4.48809091112955e-26
9.28709554232285e-08,2998.03651791328,3.79932133170548e-25,4.48096370871289e-26
9.32174888389868e-08,3001.99287605652,3.8072805835281e-25,4.47376429066482e-26
9.35640222547452e-08,3005.79960110377,3.81521369523676e-25,4.46649367756254e-26
9.39105556705035e-08,3009.45628004193,3.8231207131985e-25,4.45915288739244e-26
9.42570890862618e-08,3012.96251597688,3.83100168493129e-25,4.45174293536868e-26
9.46036225020201e-08,3016.31792834379,3.83885665908676e-25,4.44426483383966e-26
9.49501559177784e-08,3019.13256510453,3.84656611616349e-25,4.43575698182114e-26
9.52966893335367e-08,3021.61543980405,3.85419716696731e-25,4.42678614550247e-26
9.5643222749295e-08,3024.50497939359,3.86197597530989e-25,4.41917617353046e-26
9.59897561650534e-08,3027.24245453473,3.86972905722033e-25,4.41150254763792e-26
9.63362895808117e-08,3029.827574009,3.87745646700717e-25,4.40376626165759e-26
9.668282299657e-08,3032.26006404795,3.88515826002159e-25,4.39596830579046e-26
9.70293564123283e-08,3034.53966850692,3.89283449264291e-25,4.38810966650655e-26
9.73758898280866e-08,3036.66614903563,3.90048522226426e-25,4.38019132644979e-26
9.77224232438449e-08,3038.63928524565,3.90811050727812e-25,4.37221426433987e-26
9.80689566596033e-08,3040.45887487117,3.91571040706203e-25,4.36417945488283e-26
9.84154900753616e-08,3042.12473392834,3.9232849819642e-25,4.35608786868125e-26
9.87620234911199e-08,3042.67558517657,3.93055696564899e-25,4.34582580363101e-26
9.91085569068782e-08,3044.00627359563,3.93807790363397e-25,4.33765025032853e-26
9.94550903226365e-08,3045.20042625443,3.94557887644627e-25,4.32946100981809e-26
9.98016237383948e-08,3046.24045649795,3.9530548390936e-25,4.32121924282076e-26
1.00148157154153e-07,3047.12627829414,3.96050585668412e-25,4.31292589431588e-26
1.00494690569911e-07,3047.85782471728,3.96793199520077e-25,4.30458190461598e-26
1.0084122398567e-07,3048.43504807137,3.97533332148698e-25,4.296188209302e-26
1.01187757401428e-07,3048.85792000887,3.98270990323271e-25,4.28774573914767e-26
1.01534290817186e-07,3049.12643164221,3.9900618089602e-25,4.27925542005349e-26
1.01880824232945e-07,3049.24059365324,3.99738910801003e-25,4.27071817298049e-26
1.02227357648703e-07,3049.20043639465,4.00469187052711e-25,4.26213491388713e-26
1.02573891064461e-07,3048.37779726706,4.01179889204976e-25,4.25227100850935e-26
1.0292042448022e-07,3047.66266954674,4.01895605195625e-25,4.24293346961321e-26
1.03266957895978e-07,3047.15237541991,4.02618804655405e-25,4.23428390584831e-26
1.03613491311736e-07,3046.48827559444,4.03339585442661e-25,4.22559227123661e-26
1.03960024727495e-07,3045.67050392273,4.04057954951674e-25,4.21685945107413e-26
1.04306558143253e-07,3044.69921438116,4.0477392064778e-25,4.20808632524988e-26
1.04653091559011e-07,3043.57458113323,4.05487490066003e-25,4.1992737682014e-26
1.0499962497477e-07,3042.2967985846,4.06198670809692e-25,4.19042264886263e-26
1.05346158390528e-07,3040.86608143573,4.06907470549176e-25,4.18153383062102e-26
1.05692691806286e-07,3039.28266472452,4.07613897020404e-25,4.17260817127665e-26
1.06039225222045e-07,3037.54680386797,4.08317958023613e-25,4.16364652299581e-26
1.06385758637803e-07,3035.6587746937,4.09019661421981e-25,4.15464973227954e-26
1.06732292053561e-07,3033.51631629293,4.0971636808663e-25,4.14543873597152e-26
1.07078825469319e-07,3030.44478132683,4.10390773895051e-25,4.13484637308681e-26
1.07425358885078e-07,3028.09701097539,4.11085733385632e-25,4.1258139628795e-26
1.07771892300836e-07,3025.59860340262,4.11778373053053e-25,4.11674997192191e-26
1.08118425716594e-07,3022.94993973832,4.12468701039272e-25,4.10765521220212e-26
1.08464959132353e-07,3020.1514215257,4.13156725540236e-25,4.09853048977969e-26
1.08811492548111e-07,3017.20347071185,4.13842454804599e-25,4.08937660475955e-26
1.09158025963869e-07,3014.10652962952,4.14525897132445e-25,4.08019435126203e-26
1.09504559379628e-07,3010.8610609759,4.15207060874013e-25,4.07098451740607e-26
1.09851092795386e-07,3007.46754778237,4.15885954428435e-25,4.06174788527961e-26
1.10197626211144e-07,3003.92649337969,4.16562586242481e-25,4.05248523092306e-26
1.10544159626903e-07,3000.23842135786,4.1723696480931e-25,4.04319732430931e-26
1.10890693042661e-07,2996.40387551697,4.1790909866723e-25,4.03388492932484e-26
1.11237226458419e-07,2992.4234198154,4.18578996398471e-25,4.02454880375302e-26
1.11583759874178e-07,2988.29763830923,4.19246666627956e-25,4.01518969925965e-26
1.11930293289936e-07,2983.11377180383,4.1988982496919e-25,4.00439470960589e-26
1.12276826705694e-07,2978.66355679403,4.20552556399445e-25,3.99500001627706e-26
1.12623360121453e-07,2974.1037141971,4.21213922517114e-25,3.98563873661822e-26
1.12969893537211e-07,2969.40132732801,4.21873101065178e-25,3.97625753488783e-26
1.13316426952969e-07,2964.55708126392,4.22530100830367e-25,3.96685712547289e-26
1.13662960368727e-07,2959.57168060036,4.2318493063388e-25,3.95743821652728e-26
1.14009493784486e-07,2954.44584934842,4.23837599330231e-25,3.94800150996326e-26
1.14356027200244e-07,2949.18033082339,4.24488115806085e-25,3.93854770144998e-26
1.14702560616002e-07,2943.77588753084,4.2513648897913e-25,3.92907748040439e-26
1.15049094031761e-07,2938.23330104397,4.25782727796926e-25,3.91959152999436e-26
1.15395627447519e-07,2932.55337187539,4.26426841235792e-25,3.91009052713375e-26
1.15742160863277e-07,2926.7369193456,4.27068838299682e-25,3.90057514248218e-26
1.16088694279036e-07,2920.78478144157,4.27708728019085e-25,3.89104604044615e-26
1.16435227694794e-07,2914.69781467309,4.28346519449919e-25,3.88150387918097e-26
1.16781761110552e-07,2908.47689392124,4.2898222167245e-25,3.87194931059257e-26
1.17128294526311e-07,2902.12291228155,4.29615843790207e-25,3.86238298034093e-26
1.17474827942069e-07,2895.24271729789,4.30238228096054e-25,3.85226636143135e-26
1.17821361357827e-07,2888.14934017047,4.30856804883383e-25,3.84205489390772e-26
1.18167894773586e-07,2881.4034391646,4.31484599877533e-25,3.83251487696314e-26
1.18514428189344e-07,2874.52847485493,4.32110355419014e-25,3.82296559439431e-26
1.18860961605102e-07,2867.52542891213,4.32734080660818e-25,3.8134076535183e-26
1.19207495020861e-07,2860.39530006259,4.33355784771916e-25,3.8038416554029e-26
1.19554028436619e-07,2853.13910389254,4.33975476936247e-25,3.79426819487303e-26
1.19900561852377e-07,2845.75787264842,4.3459316635171e-25,3.78468786052485e-26
1.20247095268135e-07,2838.25265503019,4.35208862229182e-25,3.77510123473514e-26
1.20593628683894e-07,2830.6245159807,4.35822573791526e-25,3.76550889367297e-26
1.20940162099652e-07,2822.87453646917,4.36434310272625e-25,3.75591140731281e-26
1.2128669551541e-07,2815.00381327222,4.37044080916411e-25,3.7463093394486e-26
1.21633228931169e-07,2807.01345874612,4.37651894975918e-25,3.73670324770427e-26
1.21979762346927e-07,2798.90460059797,4.3825776171233e-25,3.72709368355195e-26
1.22326295762685e-07,2790.67838164919,4.38861690394052e-25,3.71748119232434e-26
1.22672829178444e-07,2782.33595959785,4.39463690295774e-25,3.70786631323248e-26
1.23019362594202e-07,2773.87850677311,4.40063770697563e-25,3.69824957938137e-26
1.2336589600996e-07,2765.30720988699,4.40661940883953e-25,3.68863151778532e-26
1.23712429425719e-07,2756.62326978241,4.41258210143043e-25,3.67901264938462e-26
1.24058962841477e-07,2747.82790117428,4.41852587765611e-25,3.66939348906753e-26
1.24405496257235e-07,2738.92233239142,4.42445083044233e-25,3.65977454568387e-26
1.24752029672994e-07,2729.252542347,4.43021073024616e-25,3.64937258202055e-26
1.25098563088752e-07,2720.06349277206,4.43608566538725e-25,3.63971510409659e-26
1.2544509650451e-07,2710.84072868151,4.44195851390442e-25,3.63014993356317e-26
1.25791629920268e-07,2701.51302154705,4.44781293498802e-25,3.62058675506572e-26
1.26138163336027e-07,2692.08166170392,4.45364902081625e-25,3.61102603985006e-26
1.26484696751785e-07,2682.54795135797,4.45946686352561e-25,3.60146825321796e-26
1.26831230167543e-07,2672.91320430004,4.46526655520273e-25,3.59191385454496e-26
1.27177763583302e-07,2663.17874561702,4.47104818787643e-25,3.58236329730507e-26
1.2752429699906e-07,2653.3459113979,4.47681185350969e-25,3.57281702909257e-26
1.27870830414818e-07,2643.41604844058,4.4825576439919e-25,3.56327549164419e-26
1.28217363830577e-07,2633.39051395095,4.48828565113102e-25,3.55373912086155e-26
1.28563897246335e-07,2623.27067524327,4.49399596664598e-25,3.54420834683426e-26
1.28910430662093e-07,2613.05790943594,4.49968868215908e-25,3.53468359386449e-26
1.29256964077852e-07,2602.75360314412,4.50536388918847e-25,3.52516528048835e-26
1.2960349749361e-07,2592.35915217312,4.51102167914075e-25,3.51565381950333e-26
1.29950030909368e-07,2581.87596120511,4.51666214330369e-25,3.50614961798869e-26
1.30296564325127e-07,2571.30544348694,4.52228537283895e-25,3.49665307733026e-26
1.30643097740885e-07,2560.64902051469,4.52789145877493e-25,3.48716459324845e-26
1.30989631156643e-07,2549.90812171555,4.53348049199974e-25,3.47768455581742e-26
1.31336164572402e-07,2539.08418413058,4.53905256325418e-25,3.46821334949447e-26
1.3168269798816e-07,2528.17865209206,4.54460776312484e-25,3.45875135314283e-26
1.32029231403918e-07,2517.19297690202,4.55014618203727e-25,3.44929894005769e-26
1.32375764819676e-07,2506.12861650838,4.55566791024931e-25,3.43985647798911e-26
1.32722298235435e-07,2494.98703517941,4.56117303784435e-25,3.4304243291718e-26
1.33068831651193e-07,2483.76970317847,4.5666616547248e-25,3.42100285034578e-26
1.33415365066951e-07,2472.47809643554,4.57213385060559e-25,3.41159239278494e-26
1.3376189848271e-07,2461.11369621947,4.57758971500772e-25,3.40219330232278e-26
1.34108431898468e-07,2449.67798880896,4.58302933725197e-25,3.39280591937522e-26
1.34454965314226e-07,2438.17246516174,4.58845280645261e-25,3.38343057896969e-26
1.34801498729985e-07,2426.59862058638,4.59386021151122e-25,3.3740676107699e-26
1.35148032145743e-07,2414.70898143206,4.59919699895423e-25,3.36446042943682e-26
1.35494565561501e-07,2402.81622615732,4.60453234317435e-25,3.35494522824715e-26
1.3584109897726e-07,2391.05630671116,4.6098957067989e-25,3.34565661993344e-26
1.36187632393018e-07,2379.23419413499,4.61524335660922e-25,3.33638121154338e-26
1.36534165808776e-07,2367.35139649917,4.62057537943526e-25,3.3271192987724e-26
1.36880699224535e-07,2355.40942419146,4.62589186185292e-25,3.31787117211616e-26
1.37227232640293e-07,2343.40978958882,4.63119289017849e-25,3.30863711690081e-26
1.37573766056051e-07,2331.35400672925,4.6364785504631e-25,3.29941741331182e-26
1.3792029947181e-07,2319.24359098339,4.64174892848739e-25,3.29021233641739e-26
1.38266832887568e-07,2307.080058729,4.64700410975616e-25,3.28102215619978e-26
1.38613366303326e-07,2294.86492702318,4.6522441794931e-25,3.27184713757894e-26
1.38959899719084e-07,2282.5997132782,4.65746922263561e-25,3.26268754044463e-26
1.39306433134843e-07,2270.28593493686,4.66267932382966e-25,3.25354361967876e-26
1.39652966550601e-07,2257.92510914908,4.66787456742477e-25,3.24441562518809e-26
1.39999499966359e-07,2245.51875245193,4.67305503746903e-25,3.23530380192748e-26
1.40346033382118e-07,2233.06838044718,4.67822081770419e-25,3.2262083899293e-26
1.40692566797876e-07,2220.57550748392,4.68337199156082e-25,3.21712962433037e-26
1.41039100213634e-07,2208.04164634123,4.68850864215355e-25,3.20806773540072e-26
1.41385633629393e-07,2195.46830791177,4.69363085227635e-25,3.19902294856812e-26
1.41732167045151e-07,2182.85700089049,4.69873870439794e-25,3.18999548444975e-26
1.42078700460909e-07,2170.20923146076,4.70383228065717e-25,3.18098555887391e-26
1.42425233876668e-07,2157.52650298635,4.70891166285858e-25,3.1719933829151e-26
1.42771767292426e-07,2144.81031570363,4.71397693246792e-25,3.16301916291149e-26
1.43118300708184e-07,2132.06216641628,4.71902817060779e-25,3.15406310050247e-26
1.43464834123943e-07,2119.28354819402,4.72406545805339e-25,3.14512539264922e-26
1.43811367539701e-07,2106.47595007082,4.72908887522823e-25,3.1362062316627e-26
1.44157900955459e-07,2093.64085674845,4.73409850219994e-25,3.12730580523471e-26
1.44504434371218e-07,2080.77974830175,4.73909441867626e-25,3.11842429646141e-26
1.44850967786976e-07,2067.89409988544,4.74407670400089e-25,3.10956188387121e-26
1.45197501202734e-07,2054.98538144697,4.74904543714958e-25,3.10071874145438e-26
1.45544034618492e-07,2042.05505743848,4.75400069672617e-25,3.09189503868669e-26
1.45890568034251e-07,2029.10458653514,4.75894256095877e-25,3.08309094055802e-26
1.46237101450009e-07,2016.13542135369,4.76387110769595e-25,3.07430660760183e-26
1.46583634865767e-07,2003.14900817784,4.76878641440299e-25,3.06554219591832e-26
1.46930168281526e-07,1990.14678668319,4.77368855815827e-25,3.05679785720397e-26
1.47276701697284e-07,1977.13018966811,4.77857761564958e-25,3.04807373877953e-26
1.47623235113042e-07,1964.10064278734,4.78345366317067e-25,3.03936998361422e-26
1.47969768528801e-07,1951.0595642885,4.78831677661765e-25,3.03068673035599e-26
1.48316301944559e-07,1938.0083647542,4.79316703148569e-25,3.02202411335394e-26
1.48662835360317e-07,1924.94844684531,4.79800450286556e-25,3.01338226269213e-26
1.49009368776076e-07,1911.88120505002,4.80282926544035e-25,3.00476130421263e-26
1.49355902191834e-07,1898.8080254361,4.80764139348223e-25,2.9961613595413e-26
1.49702435607592e-07,1885.7302854063,4.81244096084929e-25,2.98758254611835e-26
1.50048969023351e-07,1872.64935345992,4.81722804098236e-25,2.97902497722379e-26
1.50395502439109e-07,1859.56658895593,4.822002706902e-25,2.97048876200448e-26
1.50742035854867e-07,1846.48334188176,4.8267650312054e-25,2.96197400550162e-26
1.51088569270626e-07,1833.4009526261,4.83151508606356e-25,2.95348080867946e-26
1.51435102686384e-07,1820.32075175508,4.83625294321828e-25,2.94500926844928e-26
1.51781636102142e-07,1807.24405979464,4.84097867397938e-25,2.93655947770163e-26
1.521281695179e-07,1794.17218701489,4.84569234922196e-25,2.92813152532507e-26
1.52474702933659e-07,1781.10643322054,4.85039403938358e-25,2.91972549624746e-26
1.52821236349417e-07,1768.04808754551,4.85508381446171e-25,2.91134147144856e-26
1.53167769765175e-07,1754.99842825101,4.85976174401106e-25,2.90297952799817e-26
1.53514303180934e-07,1741.95872253027,4.86442789714107e-25,2.89463973907843e-26
1.53860836596692e-07,1728.93022631555,4.86908234251345e-25,2.88632217401205e-26
1.5420737001245e-07,1715.91418409098,4.87372514833965e-25,2.87802689829387e-26
1.54553903428209e-07,1702.91182871037,4.87835638237862e-25,2.86975397361573e-26
1.54900436843967e-07,1689.92438121824,4.88297611193442e-25,2.86150345789161e-26
1.55246970259725e-07,1676.95305067809,4.88758440385401e-25,2.85327540529383e-26
1.55593503675484e-07,1663.9990340024,4.892181324525e-25,2.84506986627192e-26
1.55940037091242e-07,1651.06351578979,4.8967669398736e-25,2.83688688758693e-26
1.56286570507e-07,1638.14766816578,4.90134131536246e-25,2.8287265123388e-26
1.56633103922759e-07,1625.25265062844,4.90590451598867e-25,2.82058877999358e-26
1.56979637338517e-07,1612.37960990022,4.91045660628185e-25,2.81247372641444e-26
1.57326170754275e-07,1599.52967978226,4.91499765030219e-25,2.80438138388711e-26
1.57672704170033e-07,1586.70398101547,4.9195277116386e-25,2.79631178115188e-26
1.58019237585792e-07,1573.90362114626,4.92404685340699e-25,2.7882649434307e-26
1.5836577100155e-07,1561.12969439577,4.92855513824848e-25,2.78024089245763e-26
1.58712304417308e-07,1548.38328153654,4.93305262832773e-25,2.7722396465095e-26
1.59058837833067e-07,1535.66544977129,4.9375393853314e-25,2.76426122043162e-26
1.59405371248825e-07,1522.97725261853,4.9420154704665e-25,2.75630562567309e-26
1.59751904664583e-07,1510.31972980247,4.94648094445899e-25,2.7483728703111e-26
1.60098438080342e-07,1497.69390714743,4.95093586755229e-25,2.740462959085e-26
1.604449714961e-07,1485.10079647835,4.95538029950593e-25,2.73257589342486e-26
1.60791504911858e-07,1472.54139552474,4.95981429959424e-25,2.72471167148254e-26
1.61138038327617e-07,1460.01668783036,4.96423792660508e-25,2.71687028816517e-26
1.61484571743375e-07,1447.52764266792,4.9686512388387e-25,2.70905173516e-26
1.61831105159133e-07,1435.07521495764,4.97305429410652e-25,2.70125600097188e-26
1.62177638574892e-07,1422.6603451925,4.97744714973014e-25,2.69348307095204e-26
1.6252417199065e-07,1410.28395936612,4.9818298625403e-25,2.68573292732648e-26
1.62870705406408e-07,1397.94696890718,4.98620248887593e-25,2.67800554923594e-26
1.63217238822167e-07,1385.65027061777,4.99056508458329e-25,2.67030091276195e-26
1.63563772237925e-07,1373.39474661634,4.99491770501506e-25,2.66261899095947e-26
1.63910305653683e-07,1361.18126428686,4.99926040502972e-25,2.65495975389144e-26
1.64256839069441e-07,1349.01067623066,5.00359323899073e-25,2.64732316866261e-26
1.646033724852e-07,1336.71892373701,5.00787101985251e-25,2.63955770070389e-26
1.64949905900958e-07,1324.42187105672,5.01212574487868e-25,2.63178128015948e-26
1.65296439316716e-07,1312.38011457551,5.01642951773529e-25,2.62423663146444e-26
1.65642972732475e-07,1300.38469738166,5.02072372451368e-25,2.6167153329391e-26
1.65989506148233e-07,1288.43639840441,5.02500841793182e-25,2.6092173370607e-26
1.66336039563991e-07,1276.53598151656,5.02928365019951e-25,2.60174259336296e-26
1.6668257297975e-07,1264.68419551928,5.03354947301788e-25,2.59429104847337e-26
1.67029106395508e-07,1252.88177413227,5.03780593757897e-25,2.58686264614447e-26
1.67375639811266e-07,1241.12943598711,5.04205309456531e-25,2.57945732729189e-26
1.67722173227025e-07,1229.42788462599,5.04629099414967e-25,2.57207503001863e-26
1.68068706642783e-07,1217.77780850462,5.05051968599471e-25,2.56471568966499e-26
1.68415240058541e-07,1206.17988099857,5.05473921925289e-25,2.55737923882836e-26
1.687617734743e-07,1194.6347604159,5.05894964256633e-25,2.55006560740976e-26
1.69108306890058e-07,1183.14309001157,5.06315100406672e-25,2.54277472264337e-26
1.69454840305816e-07,1171.7054980075,5.06734335137538e-25,2.53550650913546e-26
1.69801373721575e-07,1160.32259761674,5.07152673160334e-25,2.52826088890189e-26
1.70147907137333e-07,1148.99498707046,5.07570119135146e-25,2.52103778140113e-26
1.70494440553091e-07,1137.72324965092,5.07986677671072e-25,2.51383710357495e-26
1.70840973968849e-07,1126.50795372638,5.08402353326242e-25,2.50665876988677e-26
1.71187507384608e-07,1115.34965279113,5.08817150607864e-25,2.49950269235457e-26
1.71534040800366e-07,1104.24888550893,5.09231073972259e-25,2.4923687805964e-26
1.71880574216124e-07,1093.20617575994,5.09644127824912e-25,2.48525694186325e-26
1.72227107631883e-07,1082.2220326924,5.10056316520535e-25,2.47816708108196e-26
1.72573641047641e-07,1071.29695077647,5.10467644363122e-25,2.47109910089438e-26
1.72920174463399e-07,1060.43140986265,5.10878115606029e-25,2.46405290169363e-26
1.73266707879158e-07,1049.62587524354,5.11287734452045e-25,2.4570283816713e-26
1.73613241294916e-07,1038.88079771848,5.11696505053481e-25,2.45002543685056e-26
1.73959774710674e-07,1028.19661366285,5.12104431512259e-25,2.44304396113407e-26
1.74306308126433e-07,1017.57374509905,5.12511517880021e-25,2.4360838463394e-26
1.74652841542191e-07,1007.01259977193,5.1291776815822e-25,2.42914498224702e-26
1.74999374957949e-07,996.513571226954,5.13323186298249e-25,2.42222725663708e-26
1.75345908373708e-07,986.077038891222,5.13727776201556e-25,2.41533055533351e-26
1.75692441789466e-07,975.649842413906,5.14129769983251e-25,2.40840203619143e-26
1.76038975205224e-07,964.854079738456,5.14516572874668e-25,2.40107335037879e-26
1.76385508620983e-07,954.607788117023,5.1491898869022e-25,2.39429052042275e-26
1.76732042036741e-07,944.425554435103,5.15320602716337e-25,2.38752909291745e-26
1.77078575452499e-07,934.30768710439,5.15721418654611e-25,2.38078893816723e-26
1.77425108868257e-07,924.254480901103,5.16121440155755e-25,2.37406992456168e-26
1.77771642284016e-07,914.266217067694,5.16520670819749e-25,2.36737191861565e-26
1.78118175699774e-07,904.343163418312,5.16919114195999e-25,2.36069478501932e-26
1.78464709115532e-07,894.485574446378,5.17316773783505e-25,2.35403838667789e-26
1.78811242531291e-07,884.693691434695,5.17713653031037e-25,2.34740258476649e-26
1.79157775947049e-07,874.9677425679,5.18109755337307e-25,2.34078723877066e-26
1.79504309362807e-07,865.307943047066,5.18505084051167e-25,2.33419220654213e-26
1.79850842778566e-07,855.714495206602,5.18899642471804e-25,2.32761734433412e-26
1.80197376194324e-07,846.187588633515,5.19293433848943e-25,2.32106250686323e-26
1.80543909610082e-07,836.727400288065,5.19686461383062e-25,2.31452754734941e-26
1.80890443025841e-07,827.334094627442,5.2007872822561e-25,2.30801231756681e-26
1.81236976441599e-07,818.007823730413,5.20470237479237e-25,2.30151666789577e-26
1.81583509857357e-07,808.748727424201,5.20860992198032e-25,2.29504044736855e-26
1.81930043273116e-07,799.556933413316,5.21250995387765e-25,2.2885835037223e-26
1.82276576688874e-07,790.432557409515,5.21640250006135e-25,2.28214568344989e-26
1.82623110104632e-07,781.375703264349,5.22028758963038e-25,2.27572683184688e-26
1.82969643520391e-07,772.386463102198,5.22416525120828e-25,2.26932679306433e-26
1.83316176936149e-07,763.464917455331,5.22803551294594e-25,2.26294541016287e-26
1.83662710351907e-07,754.289682751736,5.23177239550751e-25,2.25623746295998e-26
1.84009243767665e-07,745.24141827061,5.23552622233305e-25,2.24964762576194e-26
1.84355777183424e-07,736.527565698093,5.23937962836985e-25,2.24339351940884e-26
1.84702310599182e-07,727.88176127224,5.24322586944051e-25,2.2371581971524e-26
1.8504884401494e-07,719.304026643079,5.24706497147059e-25,2.23094148585743e-26
1.85395377430699e-07,710.794372672321,5.25089695990781e-25,2.22474321139349e-26
1.85741910846457e-07,702.352799578409,5.2547218597254e-25,2.2185631986833e-26
1.86088444262215e-07,693.979297083242,5.25853969542521e-25,2.21240127176007e-26
1.86434977677974e-07,685.673844558803,5.26235049104112e-25,2.20625725382812e-26
1.86781511093732e-07,677.436411175252,5.26615427014236e-25,2.20013096731544e-26
1.8712804450949e-07,669.26695604943,5.26995105583704e-25,2.19402223392882e-26
1.87474577925249e-07,661.165428394018,5.27374087077569e-25,2.18793087471281e-26
1.87821111341007e-07,653.131767667809,5.27752373715489e-25,2.18185671010763e-26
1.88167644756765e-07,645.165903725693,5.28129967672106e-25,2.17579955999887e-26
1.88514178172524e-07,637.267756969732,5.2850687107741e-25,2.16975924378633e-26
1.88860711588282e-07,629.437238500492,5.28883086017146e-25,2.16373558042941e-26
1.8920724500404e-07,621.674250268403,5.29258614533196e-25,2.15772838851163e-26
1.89553778419799e-07,613.97868522625,5.29633458623986e-25,2.15173748629433e-26
1.89900311835557e-07,606.329398115266,5.30006660166015e-25,2.14573797265452e-26
1.90246845251315e-07,598.200389766796,5.30354005045189e-25,2.13911290449328e-26
1.90593378667073e-07,590.712922677187,5.30727524411348e-25,2.13325901994372e-26
1.90939912082832e-07,583.292464391707,5.31100380332615e-25,2.12742134315705e-26
1.9128644549859e-07,575.938861674159,5.31472574569308e-25,2.12159967595337e-26
1.91632978914348e-07,568.651953200418,5.31844108838245e-25,2.11579381999348e-26
1.91979512330107e-07,561.431569712439,5.32214984813194e-25,2.11000357683733e-26
1.92326045745865e-07,554.277534171783,5.32585204125336e-25,2.10422874801152e-26
1.92672579161623e-07,547.189661914121,5.32954768363728e-25,2.09846913506468e-26
1.93019112577382e-07,540.167760801699,5.33323679075782e-25,2.0927245396353e-26
1.9336564599314e-07,533.211631376969,5.3369193776775e-25,2.08699476350775e-26
1.93712179408898e-07,526.321067015074,5.34059545905204e-25,2.08127960868359e-26
1.94058712824657e-07,519.49585407586,5.34426504913546e-25,2.07557887742618e-26
1.94405246240415e-07,512.73577205606,5.34792816178509e-25,2.06989237234035e-26
1.94751779656173e-07,506.040593740077,5.35158481046663e-25,2.06421989641777e-26
1.95098313071932e-07,499.410085350726,5.35523500825944e-25,2.05856125311001e-26
1.9544484648769e-07,492.844006699316,5.3588787678617e-25,2.05291624637944e-26
1.95791379903448e-07,485.830899852992,5.36224246001429e-25,2.04662190093903e-26
1.96137913319207e-07,479.340869519735,5.36584946027273e-25,2.0410202393848e-26
1.96484446734965e-07,472.974760737839,5.36948320552513e-25,2.03552019197649e-26
1.96830980150723e-07,466.672112815427,5.37311069617209e-25,2.03003347793656e-26
1.97177513566481e-07,460.432652201942,5.37673194241713e-25,2.0245598852262e-26
1.9752404698224e-07,454.256099840652,5.38034695408791e-25,2.01909920255775e-26
1.97870580397998e-07,448.142171315018,5.38395574064207e-25,2.01365121946104e-26
1.98217113813756e-07,442.090576993278,5.38755831117313e-25,2.00821572634904e-26
1.98563647229515e-07,436.101022172497,5.39115467441637e-25,2.0027925145795e-26
1.98910180645273e-07,430.173207221527,5.39474483875493e-25,1.99738137652103e-26
1.99256714061031e-07,424.306827722608,5.39832881222575e-25,1.99198210561101e-26
1.9960324747679e-07,418.501574612442,5.40190660252586e-25,1.98659449641971e-26
1.99949780892548e-07,412.757134321481,5.40547821701845e-25,1.98121834471077e-26
2.00296314308306e-07,407.073188912317,5.40904366273909e-25,1.97585344750637e-26
2.00642847724065e-07,401.251394002361,5.41248065977901e-25,1.97021656329473e-26
2.00989381139823e-07,395.348302159213,5.41582413322517e-25,1.96442615037261e-26
2.01335914555581e-07,389.853014510758,5.41938212548978e-25,1.95921300905997e-26
2.0168244797134e-07,384.416923562326,5.42293411022983e-25,1.95401062639531e-26
2.02028981387098e-07,379.03968825,5.4264800919145e-25,1.94881878413772e-26
2.02375514802856e-07,373.720963984863,5.43002007469619e-25,1.9436372656169e-26
2.02722048218615e-07,368.460402783459,5.43355406241733e-25,1.93846585578395e-26
2.03068581634373e-07,363.257653397239,5.43708205861727e-25,1.93330434128535e-26
2.03415115050131e-07,358.11236144007,5.44060406653919e-25,1.92815251051685e-26
2.03761648465889e-07,353.02416951468,5.44412008913708e-25,1.92301015369258e-26
2.04108181881648e-07,347.992717337536,5.44763012908274e-25,1.91787706289272e-26
2.04454715297406e-07,343.017641862134,5.45113418877283e-25,1.91275303213831e-26
2.04801248713164e-07,338.098577401095,5.45463227033601e-25,1.90763785743389e-26
2.05147782128923e-07,333.226009017658,5.45811786686998e-25,1.90251688593714e-26
2.05494315544681e-07,327.92243980479,5.46124778319546e-25,1.89663619337606e-26
2.05840848960439e-07,323.178848132222,5.46474070403991e-25,1.89167882940859e-26
2.06187382376198e-07,318.489761433087,5.46822778603662e-25,1.88672963273137e-26
2.06533915791956e-07,313.85479963188,5.47170902870935e-25,1.88178838534046e-26
2.06880449207714e-07,309.273580761622,5.47518443133031e-25,1.87685487160155e-26
2.07226982623473e-07,304.745721075853,5.47865399292798e-25,1.87192887830145e-26
2.07573516039231e-07,300.270835158791,5.48211771229469e-25,1.86701019471357e-26
2.07920049454989e-07,295.848536033761,5.4855755879944e-25,1.86209861264991e-26
2.08266582870748e-07,291.478435270364,5.48902761837043e-25,1.85719392651796e-26
2.08613116286506e-07,287.160143089594,5.4924738015533e-25,1.85229593337232e-26
2.08959649702264e-07,282.893268467481,5.49591413546841e-25,1.84740443297166e-26
2.09306183118023e-07,278.67741923719,5.49934861784393e-25,1.84251922782293e-26
2.09652716533781e-07,274.235475401234,5.5025484961651e-25,1.83715487610891e-26
2.09999249949539e-07,269.936456713427,5.50582107998457e-25,1.83203356110305e-26
2.10345783365297e-07,265.881167252643,5.50925257630412e-25,1.82731108567404e-26
2.10692316781056e-07,261.875275206193,5.51267833671722e-25,1.8225940109456e-26
2.11038850196814e-07,257.918381702564,5.51609835635305e-25,1.8178821274788e-26
2.11385383612572e-07,254.010087362575,5.51951263016645e-25,1.81317522901272e-26
2.11731917028331e-07,250.149992390155,5.52292115294624e-25,1.80847311253217e-26
2.12078450444089e-07,246.337696661332,5.5263239193236e-25,1.8037755783019e-26
2.12424983859847e-07,242.572799811707,5.52972092378035e-25,1.79908242992051e-26
2.12771517275606e-07,238.854901322069,5.53311216065739e-25,1.79439347435247e-26
2.13118050691364e-07,235.183600602558,5.53649762416294e-25,1.78970852198961e-26
2.13464584107122e-07,231.558497074969,5.53987730838083e-25,1.7850273866771e-26
2.13811117522881e-07,227.592124913428,5.54288095574496e-25,1.77959602950287e-26
2.14157650938639e-07,224.026040447009,5.54622394328476e-25,1.77498367143206e-26
2.14504184354397e-07,220.546911529787,5.54960257565834e-25,1.77046966870017e-26
2.14850717770156e-07,217.112305404644,5.55297552168942e-25,1.76595838887787e-26
2.15197251185914e-07,213.721820787992,5.55634277290311e-25,1.76144963636052e-26
2.15543784601672e-07,210.375056928835,5.55970432072922e-25,1.75694321947532e-26
2.15890318017431e-07,207.071613679643,5.56306015651107e-25,1.75243895052708e-26
2.16236851433189e-07,203.811091565601,5.56641027151416e-25,1.74793664583074e-26
2.16583384848947e-07,200.593091852414,5.56975465693499e-25,1.74343612573619e-26
2.16929918264705e-07,197.417216612204,5.5730933039096e-25,1.73893721467542e-26
2.17276451680464e-07,194.283068788086,5.57642620352231e-25,1.73443974116789e-26
2.17622985096222e-07,190.866098298261,5.57939654336217e-25,1.72924215061101e-26
2.1796951851198e-07,187.755774765719,5.58265868041042e-25,1.72474263790249e-26
2.18316051927739e-07,184.754012027639,5.58599226012523e-25,1.72041658109164e-26
2.18662585343497e-07,181.792306690452,5.58932016398829e-25,1.71609067447947e-26
2.19009118759255e-07,178.870265519619,5.59264238059099e-25,1.71176473993606e-26
2.19355652175014e-07,175.987496566874,5.59595889850775e-25,1.70743860394407e-26
2.19702185590772e-07,173.143609223646,5.59926970630502e-25,1.70311209761008e-26
2.2004871900653e-07,170.338214273003,5.6025747925502e-25,1.69878505669542e-26
2.20395252422289e-07,167.570923939999,5.60587414582057e-25,1.69445732162431e-26
2.20741785838047e-07,164.841351940613,5.60916775471197e-25,1.69012873750206e-26
2.21088319253805e-07,162.052012199338,5.61233349970672e-25,1.68556571523418e-26
2.21434852669564e-07,159.141633029946,5.61529271671312e-25,1.68066316569641e-26
2.21781386085322e-07,156.532211763791,5.61858857602294e-25,1.67651059949963e-26
2.2212791950108e-07,153.958874801314,5.62187874247022e-25,1.67235570809375e-26
2.22474452916838e-07,151.421242997465,5.62516320223907e-25,1.66819833290479e-26
2.22820986332597e-07,148.918939020973,5.62844194157226e-25,1.6640383205699e-26
2.23167519748355e-07,146.451587392887,5.63171494678036e-25,1.65987552293293e-26
2.23514053164113e-07,144.018814523942,5.63498220425064e-25,1.65570979705217e-26
2.23860586579872e-07,141.620248750335,5.6382437004559e-25,1.65154100519697e-26
2.2420711999563e-07,139.255520368419,5.64149942196325e-25,1.64736901484086e-26
2.24553653411388e-07,136.872460082386,5.64467459081498e-25,1.64305505526213e-26
2.24900186827147e-07,134.306558163542,5.64752840908387e-25,1.6381850195949e-26
2.25246720242905e-07,132.050041646366,5.65078787777129e-25,1.63419290145879e-26
2.25593253658663e-07,129.825789396696,5.65404160239533e-25,1.63019591459108e-26
2.25939787074422e-07,127.63344142409,5.65728956723321e-25,1.62619392640114e-26
2.2628632049018e-07,125.472639934759,5.66053175670169e-25,1.62218681002566e-26
2.26632853905938e-07,123.343029356748,5.66376815536584e-25,1.61817444432141e-26
2.26979387321697e-07,121.244256364198,5.66699874794781e-25,1.61415671383882e-26
2.27325920737455e-07,119.175969900153,5.67022351933538e-25,1.6101335088027e-26
2.27672454153213e-07,117.137821198519,5.67344245459044e-25,1.60610472508887e-26
2.28018987568972e-07,115.002084977025,5.67644357939689e-25,1.60169015071455e-26
2.2836552098473e-07,112.864696774384,5.67938711005369e-25,1.59725302142138e-26
2.28712054400488e-07,110.923289475908,5.68261120417871e-25,1.59340706466323e-26
2.29058587816246e-07,109.010526996683,5.68582947119892e-25,1.58955366368384e-26
2.29405121232005e-07,107.126072166408,5.68904189405288e-25,1.58569271849642e-26
2.29751654647763e-07,105.269590264093,5.69224845590308e-25,1.58182413526091e-26
2.30098188063521e-07,103.440749031685,5.69544914014434e-25,1.57794782624595e-26
2.3044472147928e-07,101.639218686928,5.69864393041208e-25,1.57406370978621e-26
2.30791254895038e-07,99.8646719350091,5.70183281059024e-25,1.57017171023452e-26
2.31137788310796e-07,98.1020697661984,5.70498780509892e-25,1.56622281054626e-26
2.31484321726555e-07,96.1351272891872,5.70769241319578e-25,1.56150789337951e-26
2.31830855142313e-07,94.4475374628674,5.71088776206696e-25,1.55780262026381e-26
2.32177388558071e-07,92.7855222245555,5.71407718997137e-25,1.55408740422859e-26
2.3252392197383e-07,91.1487670477634,5.71726067883729e-25,1.55036217799161e-26
2.32870455389588e-07,89.5369599897664,5.72043821089559e-25,1.54662688074502e-26
2.33216988805346e-07,87.949791696435,5.7236097686874e-25,1.54288145810415e-26
2.33563522221105e-07,86.3869554061238,5.72677533507181e-25,1.5391258620238e-26
2.33910055636863e-07,84.8481469530227,5.72993489323319e-25,1.53536005074401e-26
2.34256589052621e-07,83.333064769514,5.73308842668842e-25,1.5315839887118e-26
2.3460312246838e-07,81.6120308844522,5.73572912315224e-25,1.52694533004654e-26
2.34949655884138e-07,80.1462336120685,5.73888564661837e-25,1.52334805292603e-26
2.35296189299896e-07,78.7078610668125,5.7420468772109e-25,1.51975967803495e-26
2.35642722715654e-07,77.2919086279321,5.74520204968232e-25,1.51615880413938e-26
2.35989256131413e-07,75.8980882566031,5.74835114585184e-25,1.51254540925007e-26
2.36335789547171e-07,74.5261145495846,5.75149414792831e-25,1.50891947796737e-26
2.36682322962929e-07,73.175704735922,5.75463103851698e-25,1.50528100138176e-26
2.37028856378688e-07,71.8465786732113,5.75776180062595e-25,1.50162997698616e-26
2.37375389794446e-07,70.5004692406949,5.76079126452123e-25,1.49780884887869e-26
2.37721923210204e-07,69.0426518167161,5.76347817475882e-25,1.49346180768549e-26
2.38068456625963e-07,67.7826220953431,5.76661781677736e-25,1.49000303243476e-26
2.38414990041721e-07,66.5426559419419,5.76975127814563e-25,1.48652926152532e-26
2.38761523457479e-07,65.3224870306204,5.77287854037331e-25,1.48304051071119e-26
2.39108056873238e-07,64.1218516610733,5.77599958543293e-25,1.47953680246165e-26
2.39454590288996e-07,62.9404887500198,5.77911439576582e-25,1.47601816582773e-26
2.39801123704754e-07,61.7781398222802,5.78222295428755e-25,1.47248463633057e-26
2.40147657120513e-07,60.634549001386,5.78532524439338e-25,1.4689362558378e-26
2.40494190536271e-07,59.3914110913127,5.78807996320876e-25,1.46482589864113e-26
2.40840723952029e-07,58.2190524016359,5.79098354661511e-25,1.46107580376632e-26
2.41187257367788e-07,57.1365630336104,5.79409580032842e-25,1.45772106478417e-26
2.41533790783546e-07,56.0717106854288,5.79720171244933e-25,1.45434884079798e-26
2.41880324199304e-07,55.0242532923583,5.80030126516605e-25,1.45095919744514e-26
2.42226857615062e-07,53.9939513484465,5.80339444120815e-25,1.44755220689333e-26
2.42573391030821e-07,52.9805678935834,5.80648122385094e-25,1.44412794769934e-26
2.42919924446579e-07,51.9838685000477,5.80956159691959e-25,1.44068650466288e-26
2.43266457862337e-07,50.9531462099649,5.8124691372076e-25,1.43696636336535e-26
2.43612991278096e-07,49.8737431483926,5.81515337834423e-25,1.43295831280264e-26
2.43959524693854e-07,48.9315993028197,5.81824478290288e-25,1.42971377577174e-26
2.44306058109612e-07,48.0051063970676,5.82132968526347e-25,1.42644922219081e-26
2.44652591525371e-07,47.0940435902993,5.82440806831777e-25,1.42316476611806e-26
2.44999124941129e-07,46.1981925076744,5.82747991557041e-25,1.41986052790189e-26
2.45345658356887e-07,45.3173372244195,5.83054521114191e-25,1.41653663402679e-26
2.45692191772646e-07,44.4512642494413,5.83360393977155e-25,1.41319321693153e-26
2.46038725188404e-07,43.5730147505391,5.83655524823431e-25,1.40967529383849e-26
2.46385258604162e-07,42.6139995925483,5.83913586765387e-25,1.40562722672723e-26
2.46731792019921e-07,41.796443384024,5.84220663790063e-25,1.40248330601701e-26
2.47078325435679e-07,40.9927230375127,5.84527072893233e-25,1.39931683286343e-26
2.47424858851437e-07,40.2026382448507,5.8483281248647e-25,1.3961279747499e-26
2.47771392267196e-07,39.4259910445913,5.85137881049536e-25,1.39291690502095e-26
2.48117925682954e-07,38.6625858038233,5.85442277130538e-25,1.38968380268909e-26
2.48464459098712e-07,37.912229199852,5.85745999346046e-25,1.38642885223175e-26
2.4881099251447e-07,37.1416027375443,5.86034726128702e-25,1.3829371790129e-26
2.49157525930229e-07,36.31778478974,5.86293879939232e-25,1.37905514921885e-26
2.49504059345987e-07,35.6104064674734,5.86598900919556e-25,1.37600151873681e-26
2.49850592761745e-07,34.9152146058116,5.86903234839071e-25,1.37292281947145e-26
2.50197126177504e-07,34.2320285194792,5.87206880286575e-25,1.36981927694547e-26
2.50543659593262e-07,33.5606697311796,5.87509835925573e-25,1.36669112186091e-26
2.5089019300902e-07,32.9009619520476,5.87812100494254e-25,1.36353858988547e-26
2.51236726424779e-07,32.2527310622091,5.88113672805425e-25,1.36036192145019e-26
2.51583259840537e-07,31.5571216400923,5.88385386295201e-25,1.356734821526e-26
2.51929793256295e-07,30.873510945121,5.88656917758887e-25,1.3532102168373e-26
2.52276326672054e-07,30.2632069907174,5.88959876410318e-25,1.35023583659369e-26
2.52622860087812e-07,29.6635987235068,5.8926212765723e-25,1.34723391586388e-26
2.5296939350357e-07,29.074524008339,5.89563670322718e-25,1.34420474217231e-26
2.53315926919329e-07,28.4958227663027,5.89864503310553e-25,1.34114860728879e-26
2.53662460335087e-07,27.9273369545822,5.90164625604947e-25,1.33806580700588e-26
2.54008993750845e-07,27.3689105465188,5.90464036270308e-25,1.33495664091427e-26
2.54355527166604e-07,26.7254621742621,5.90708348098087e-25,1.33104900937267e-26
2.54702060582362e-07,26.1797063299111,5.91003322188529e-25,1.32805570284987e-26
2.5504859399812e-07,25.6546243918324,5.91304199156427e-25,1.32514885545811e-26
2.55395127413878e-07,25.1388976499159,5.91604347434413e-25,1.32221206583606e-26
2.55741660829637e-07,24.6323813333757,5.91903766138526e-25,1.31924568661989e-26
2.56088194245395e-07,24.1349325685274,5.92202454470726e-25,1.31625007349863e-26
2.56434727661153e-07,23.6464103587158,5.9250041171846e-25,1.31322558495751e-26
2.56781261076912e-07,23.1234121977147,5.92769474687051e-25,1.30977737383365e-26
2.5712779449267e-07,22.6033962065992,5.9303412354025e-25,1.30636862335891e-26
2.57474327908428e-07,22.1445839412887,5.9333363719567e-25,1.30354962525665e-26
2.57820861324187e-07,21.6940578199765,5.936324008481e-25,1.30069795963399e-26
2.58167394739945e-07,21.2516874260987,5.93930413875072e-25,1.29781404447581e-26
2.58513928155703e-07,20.8173440983184,5.94227675745043e-25,1.29489829957405e-26
2.58860461571462e-07,20.3909009106829,5.94524186016771e-25,1.29195114627331e-26
2.5920699498722e-07,19.9589813202862,5.9481012367407e-25,1.28883702806776e-26
2.59553528402978e-07,19.4783064716913,5.95052797582048e-25,1.28515792303601e-26
2.59900061818737e-07,19.0782612528749,5.95350950055404e-25,1.28241884399754e-26
2.60246595234495e-07,18.6855359557618,5.95648330160367e-25,1.27964434989793e-26
2.60593128650253e-07,18.3000135347641,5.9594493758744e-25,1.27683492811398e-26
2.60939662066011e-07,17.9215785575244,5.96240772122488e-25,1.27399106628932e-26
2.6128619548177e-07,17.550117185676,5.96535833645896e-25,1.27111325210076e-26
2.61632728897528e-07,17.1855171558683,5.96830122131738e-25,1.26820197298227e-26
2.61979262313286e-07,16.7543557462627,5.97060553653457e-25,1.26441587073845e-26
2.62325795729045e-07,16.4054713550457,5.97356611611742e-25,1.26173577487437e-26
2.62672329144803e-07,16.0638509194455,5.97652600798659e-25,1.25902977874818e-26
2.63018862560561e-07,15.7285756381776,5.97947794430981e-25,1.25628617224657e-26
2.6336539597632e-07,15.3995423171994,5.98242192664741e-25,1.25350551399811e-26
2.63711929392078e-07,15.0766492175856,5.98535795754023e-25,1.2506883607991e-26
2.64058462807836e-07,14.7597960373827,5.98828604049923e-25,1.24783526739418e-26
2.64404996223595e-07,14.3865485917489,5.99059291926257e-25,1.24414249151275e-26
2.64751529639353e-07,14.0807693531184,5.99351061425233e-25,1.24147583808939e-26
2.65098063055111e-07,13.7842163965781,5.99645644219339e-25,1.23882891654782e-26
2.6544459647087e-07,13.4932392023736,5.99939407957449e-25,1.23614171083985e-26
2.65791129886628e-07,13.2077458331039,6.00232353220065e-25,1.23341485286283e-26
2.66137663302386e-07,12.9276456719547,6.00524480688475e-25,1.23064897052763e-26
2.66484196718145e-07,12.6515172918245,6.00814316897776e-25,1.22782526436151e-26
2.66830730133903e-07,12.3250301018109,6.01040708086966e-25,1.22416447573117e-26
2.67177263549661e-07,12.0631491336717,6.0133470529362e-25,1.2216100743444e-26
2.67523796965419e-07,11.8062389431008,6.01627858585275e-25,1.2190120236722e-26
2.67870330381178e-07,11.5542166822084,6.01920168918371e-25,1.21637103642852e-26
2.68216863796936e-07,11.3070007110356,6.022116373534e-25,1.21368781907242e-26
2.68563397212694e-07,11.0645105814603,6.02502265053472e-25,1.21096307158931e-26
2.68909930628453e-07,10.8157042991145,6.0277813188853e-25,1.20801769526813e-26
2.69256464044211e-07,10.5422112040675,6.03015354225809e-25,1.20461840193253e-26
2.69602997459969e-07,10.3157375544411,6.03307916387369e-25,1.20210455066518e-26
2.69949530875728e-07,10.0936122669207,6.03599610043378e-25,1.19954435232073e-26
2.70296064291486e-07,9.8757619882277,6.03890436685615e-25,1.1969385971211e-26
2.70642597707244e-07,9.66211444993389,6.04180397910975e-25,1.19428806616298e-26
2.70989131123003e-07,9.45259845358659,6.04469495419853e-25,1.19159353123392e-26
2.71335664538761e-07,9.22402564910866,6.04723980476736e-25,1.18842922914969e-26
2.71682197954519e-07,9.00096082507721,6.04979946438746e-25,1.18540491431241e-26
2.72028731370278e-07,8.80548902807497,6.05271037107193e-25,1.18291969722945e-26
2.72375264786036e-07,8.61381253298639,6.05561234743479e-25,1.18038547638299e-26
2.72721798201794e-07,8.42586658930654,6.05850541432805e-25,1.17780311851749e-26
2.73068331617553e-07,8.24158741591151,6.0613895936553e-25,1.17517347802832e-26
2.73414865033311e-07,8.06091218747795,6.0642649083539e-25,1.17249739683717e-26
2.73761398449069e-07,7.84763367862883,6.06652358748115e-25,1.16902538943277e-26
2.74107931864827e-07,7.67127591856179,6.06934804697117e-25,1.16647897385757e-26
2.74454465280586e-07,7.50288463727658,6.07224381827973e-25,1.16400956073594e-26
2.74800998696344e-07,7.33779871658927,6.07513041765889e-25,1.16148853406803e-26
2.75147532112102e-07,7.17596116433934,6.07800787248069e-25,1.15891683452634e-26
2.75494065527861e-07,7.01731585040843,6.08087621115875e-25,1.15629538686644e-26
2.75840598943619e-07,6.84819112940529,6.083476267354e-25,1.15330457457472e-26
2.76187132359377e-07,6.67414356029679,6.0859126254755e-25,1.15020058347943e-26
2.76533665775136e-07,6.52642967405153,6.08880223636374e-25,1.14778837250359e-26
2.76880199190894e-07,6.38163919074444,6.09168240725056e-25,1.14532095613093e-26
2.77226732606652e-07,6.23972130977607,6.09455317157643e-25,1.14279936434204e-26
2.77573266022411e-07,6.10062600483086,6.09741456382353e-25,1.14022460732244e-26
2.77919799438169e-07,5.96430401270317,6.10026661949572e-25,1.13759767543504e-26
2.78266332853927e-07,5.80057023332718,6.10244635515062e-25,1.13412045509153e-26
2.78612866269686e-07,5.66949158180056,6.10529102830066e-25,1.13169527452519e-26
2.78959399685444e-07,5.54268731393575,6.10816477461849e-25,1.12927278049096e-26
2.79305933101202e-07,5.41841895321999,6.1110288491898e-25,1.12679249458446e-26
2.79652466516961e-07,5.29664201881517,6.1138832931899e-25,1.12425551420261e-26
2.79998999932719e-07,5.177312712461,6.11672814880722e-25,1.12166291262288e-26
2.80345533348477e-07,5.04315630708114,6.11913304290486e-25,1.11849644807708e-26
2.80692066764235e-07,4.91858476211965,6.12171361120309e-25,1.11569882151423e-26
2.81038600179994e-07,4.80769214946147,6.12458090671226e-25,1.11331149821645e-26
2.81385133595752e-07,4.69903443683584,6.12743826422211e-25,1.11086264966347e-26
2.8173166701151e-07,4.5925721648553,6.13028573226009e-25,1.1083534612593e-26
2.82078200427269e-07,4.48826648228433,6.13312336035074e-25,1.1057850895349e-26
2.82424733843027e-07,4.37727291883987,6.13570113072383e-25,1.10285661095277e-26
2.82771267258785e-07,4.26157698264556,6.13807341997748e-25,1.09976203393265e-26
2.83117800674544e-07,4.16473642312399,6.14093421465706e-25,1.09739895967456e-26
2.83464334090302e-07,4.06986225245736,6.14378480645431e-25,1.09497050493515e-26
2.8381086750606e-07,3.97691954350227,6.14662525194568e-25,1.09247794280598e-26
2.84157400921819e-07,3.88587390890824,6.14945560868175e-25,1.08992251219097e-26
2.84503934337577e-07,3.79292442491442,6.15215416449438e-25,1.08715811915078e-26
2.84850467753335e-07,3.68757773673678,6.15437394258233e-25,1.08384158709336e-26
2.85197001169094e-07,3.60312593638245,6.15722817074078e-25,1.08149055231034e-26
2.85543534584852e-07,3.52040151320867,6.16007193530832e-25,1.07907015262662e-26
2.8589006800061e-07,3.43937361799585,6.16290530165022e-25,1.07658174711514e-26
2.86236601416369e-07,3.36001187884794,6.16572833607665e-25,1.0740266548686e-26
2.86583134832127e-07,3.28105990250585,6.16849591761065e-25,1.07135138274977e-26
2.86929668247885e-07,3.18683238410038,6.17061876510142e-25,1.06788690808992e-26
2.87276201663643e-07,3.11328479491272,6.17346635555471e-25,1.0655342846168e-26
2.87622735079402e-07,3.04125227191657,6.17630322911068e-25,1.06310817214073e-26
2.8796926849516e-07,2.97070762392184,6.17912946071273e-25,1.06061001251387e-26
2.88315801910918e-07,2.90162408028113,6.18194512621534e-25,1.05804120128866e-26
2.88662335326677e-07,2.83350331799171,6.18473045831874e-25,1.05537896511815e-26
2.89008868742435e-07,2.75062228303012,6.18681162888167e-25,1.05183917309588e-26
2.89355402158193e-07,2.6866566453408,6.18965251760734e-25,1.04946976862352e-26
2.89701935573952e-07,2.62401786147004,6.19248244724949e-25,1.04702259711193e-26
2.9004846898971e-07,2.56268201198868,6.19530150317814e-25,1.04449917826263e-26
2.90395002405468e-07,2.50262554666746,6.1981097716381e-25,1.04190097863797e-26
2.90741535821227e-07,2.4428863237725,6.20086223286901e-25,1.03917434952356e-26
2.91088069236985e-07,2.37117102507703,6.20295650247286e-25,1.03563019791639e-26
2.91434602652743e-07,2.31561201533991,6.20579064823372e-25,1.03322709378219e-26
2.91781136068502e-07,2.26121333722417,6.20861360813695e-25,1.03074177184152e-26
2.9212766948426e-07,2.20795398930188,6.21142547889953e-25,1.02817582284121e-26
2.92474202900018e-07,2.1558082433487,6.21422608476451e-25,1.02553042334133e-26
2.92820736315776e-07,2.10255461524588,6.21689449430362e-25,1.02265784788641e-26
2.93167269731535e-07,2.04155574538987,6.21905754731836e-25,1.01918036647954e-26
2.93513803147293e-07,1.99336167851608,6.22188500514116e-25,1.01672478208996e-26
2.93860336563051e-07,1.94617992990375,6.22470101436771e-25,1.01418224015196e-26
2.9420686997881e-07,1.89999305500508,6.22750574035195e-25,1.01155448347109e-26
2.94553403394568e-07,1.85478292938332,6.23029929297318e-25,1.00884309656142e-26
2.94899936810326e-07,1.80665323259463,6.23283772122607e-25,1.00574747247133e-26
2.95246470226085e-07,1.75563072322066,6.23511977030736e-25,1.00240045936633e-26
2.95593003641843e-07,1.71387651760659,6.23794049543626e-25,9.99871310515597e-27
2.95939537057601e-07,1.67300597243612,6.24074964800046e-25,9.97250419138577e-27
2.9628607047336e-07,1.63300298400652,6.24354735054769e-25,9.94539489191854e-27
2.96632603889118e-07,1.59385169334638,6.24633372641319e-25,9.91740148045288e-27
2.96979137304876e-07,1.54977563778547,6.24869333500692e-25,9.88333889150406e-27
2.97325670720635e-07,1.50794163365449,6.25114822964384e-25,9.85185590550154e-27
2.97672204136393e-07,1.47181242793244,6.25396243866138e-25,9.82559696985882e-27
2.98018737552151e-07,1.43645283235161,6.25676492775487e-25,9.79836922414978e-27
2.9836527096791e-07,1.40184878044585,6.25955583420991e-25,9.77019008639271e-27
2.98711804383668e-07,1.36798641774734,6.26233529609665e-25,9.74107612174072e-27
2.99058337799426e-07,1.32720171291386,6.26447020741337e-25,9.70300396162468e-27
2.99404871215185e-07,1.29366571556652,6.2671490070466e-25,9.67416789075906e-27
2.99751404630943e-07,1.26244186842826,6.26995698938849e-25,9.64668302136042e-27
3.00097938046701e-07,1.23188745226148,6.27275314524275e-25,9.6181748854165e-27
3.00444471462459e-07,1.20199019887081,6.27553762807287e-25,9.58866112328395e-27
3.00791004878218e-07,1.1713508825857,6.27818149436753e-25,9.556446986636e-27
3.01137538293976e-07,1.13608724135076,6.28031481247663e-25,9.51748113692778e-27
3.01484071709734e-07,1.10854266578579,6.28312908275085e-25,9.48958343061254e-27
3.01830605125493e-07,1.08159051567783,6.28593129961101e-25,9.46058567478948e-27
3.02177138541251e-07,1.05521994695791,6.28872163353358e-25,9.43050661473886e-27
3.02523671957009e-07,1.02942027508665,6.29150025582679e-25,9.39936393460592e-27
3.02870205372768e-07,1.00012208825296,6.29383320984991e-25,9.36129145932593e-27
3.03216738788526e-07,0.972568274123119,6.29628745005868e-25,9.3262279026493e-27
3.03563272204284e-07,0.948816744251613,6.29909665471669e-25,9.2965611492545e-27
3.03909805620043e-07,0.925579310749258,6.30189379096152e-25,9.2657322042953e-27
3.04256339035801e-07,0.902846543763599,6.30467904897409e-25,9.23375975572028e-27
3.04602872451559e-07,0.880569290974667,6.30744782054394e-25,9.20059302395593e-27
3.04949405867318e-07,0.852551098250023,6.30943916226052e-25,9.15567628641527e-27
3.05295939283076e-07,0.831640090079175,6.31225642351222e-25,9.12514101206207e-27
3.05642472698834e-07,0.811183008280906,6.31506146227722e-25,9.09335710862723e-27
3.05989006114592e-07,0.791171544646166,6.31785448968144e-25,9.06034428278696e-27
3.06335539530351e-07,0.771597509285515,6.32063571786487e-25,9.02612094777126e-27
3.06682072946109e-07,0.749613571591626,6.32301202655122e-25,8.98492714224543e-27
3.07028606361867e-07,0.72833039803369,6.32541883897302e-25,8.94525821400809e-27
3.07375139777626e-07,0.710337854814443,6.32823306274662e-25,8.91229245969321e-27
3.07721673193384e-07,0.692738357756371,6.33103518400084e-25,8.87800648306487e-27
3.08068206609142e-07,0.675524701074427,6.33382543829465e-25,8.84241958683692e-27
3.08414740024901e-07,0.658443052406212,6.33656555398811e-25,8.80495147442045e-27
3.08761273440659e-07,0.637335554180848,6.33859334964108e-25,8.75573162213223e-27
3.09107806856417e-07,0.621525208887296,6.34141826295428e-25,8.72133410635548e-27
3.09454340272176e-07,0.60606116770446,6.34423103457636e-25,8.6855188478433e-27
3.09800873687934e-07,0.590937101027148,6.34703192620752e-25,8.64830604495497e-27
3.10147407103692e-07,0.576146765730126,6.34982120098475e-25,8.60971435244103e-27
3.10493940519451e-07,0.558875346011176,6.35209450213444e-25,8.56157933175099e-27
3.10840473935209e-07,0.543384765972356,6.35462822870214e-25,8.51915634713798e-27
3.11187007350967e-07,0.529809335084396,6.35745348840365e-25,8.4815313603337e-27
3.11533540766726e-07,0.516533154321728,6.36026692199034e-25,8.4424056769177e-27
3.11880074182484e-07,0.503550746363557,6.36306882212487e-25,8.40179870420194e-27
3.12226607598242e-07,0.489756862280531,6.36563681697098e-25,8.35587943426525e-27
3.12573141014001e-07,0.474699628184422,6.36787590568588e-25,8.30430718555709e-27
3.12919674429759e-07,0.462792727671087,6.37071583077469e-25,8.26456711231256e-27
3.13266207845517e-07,0.451148965097188,6.37354406489519e-25,8.22321639486814e-27
3.13612741261275e-07,0.439763542336621,6.37636093389936e-25,8.18027520879353e-27
3.13959274677034e-07,0.428631723546512,6.37916676589533e-25,8.13576192957758e-27
3.14305808092792e-07,0.414497658462603,6.38120452755004e-25,8.07585422036886e-27
3.1465234150855e-07,0.403948239717369,6.38403353361741e-25,8.03302040882142e-27
3.14998874924309e-07,0.393745057653613,6.3868792526588e-25,7.98910733347715e-27
3.15345408340067e-07,0.383768835087294,6.38971387732184e-25,7.94348765847881e-27
3.15691941755825e-07,0.3740154277459,6.39253777363339e-25,7.89618040439072e-27
3.16038475171584e-07,0.362404638678579,6.39480676681927e-25,7.83650247359248e-27
3.16385008587342e-07,0.352327428157841,6.39742466773658e-25,7.78515848807357e-27
3.167315420031e-07,0.343394238834009,6.40029106697786e-25,7.73832136952941e-27
3.17078075418859e-07,0.334660252124389,6.40314676552129e-25,7.68965452418961e-27
3.17424608834617e-07,0.326121846523969,6.40599217233827e-25,7.63917768277567e-27
3.17771142250375e-07,0.316542890683033,6.40846396484402e-25,7.57919586771314e-27
3.18117675666134e-07,0.30708519559093,6.41091038989151e-25,7.51912836646559e-27
3.18464209081892e-07,0.299270491851531,6.41380127606761e-25,7.46898308800299e-27
3.1881074249765e-07,0.29163046846103,6.41668200229556e-25,7.41687810390082e-27
3.19157275913408e-07,0.284161965035522,6.41955302632225e-25,7.36283397055199e-27
3.19503809329167e-07,0.27621400284061,6.42219994076977e-25,7.3019352030458e-27
3.19850342744925e-07,0.267469451442108,6.42451551719116e-25,7.23297083253944e-27
3.20196876160683e-07,0.260638833445306,6.42743542709656e-25,7.17911433051732e-27
3.20543409576442e-07,0.25396125665783,6.43034589317285e-25,7.12316170828222e-27
3.208899429922e-07,0.247433966707718,6.43324742871334e-25,7.06513453630843e-27
3.21236476407958e-07,0.240791735217804,6.43604285546856e-25,7.0026139342883e-27
3.21583009823717e-07,0.232811684634047,6.43826920290411e-25,6.92464430767117e-27
3.21929543239475e-07,0.226846068233807,6.44122354291953e-25,6.86666019638338e-27
3.22276076655233e-07,0.22101441989681,6.44416936372986e-25,6.80643791469e-27
3.22622610070992e-07,0.215314342109826,6.44710724203849e-25,6.7440003393694e-27
3.2296914348675e-07,0.209715328271567,6.4500260362561e-25,6.67904867254286e-27
3.23315676902508e-07,0.202518383337473,6.45220572940021e-25,6.59206224306282e-27
3.23662210318267e-07,0.197312376435637,6.45520093914587e-25,6.52952937395376e-27
3.24008743734025e-07,0.19222354486164,6.45818880152273e-25,6.46461198780452e-27
3.24355277149783e-07,0.187249804216271,6.4611699657705e-25,6.39733470451561e-27
3.24701810565542e-07,0.182389090855714,6.46414508967986e-25,6.32771956123889e-27
3.250483439813e-07,0.176157488180573,6.46641264409394e-25,6.23482102001095e-27
3.25394877397058e-07,0.171523673658728,6.46940917904746e-25,6.1656540787902e-27
3.25741410812816e-07,0.167086513762856,6.47244703941622e-25,6.0956260514851e-27
3.26087944228575e-07,0.162749950047771,6.47547974889615e-25,6.02309195400178e-27
3.26434477644333e-07,0.158512189206344,6.47850805032643e-25,5.94807612152712e-27
3.26781011060091e-07,0.153115867333605,6.48087149982047e-25,5.84885085408533e-27
3.2712754447585e-07,0.1490246841745,6.48389718493925e-25,5.77307684936649e-27
3.27474077891608e-07,0.145158717590783,6.48699449914191e-25,5.697551704252e-27
3.27820611307366e-07,0.141380611438487,6.49008856651428e-25,5.61937615448432e-27
3.28167144723125e-07,0.137688808923203,6.49318022754599e-25,5.53857779591596e-27
3.28513678138883e-07,0.132977554824996,6.49562744990604e-25,5.43178196332495e-27
3.28860211554641e-07,0.129412671939448,6.49872252515745e-25,5.35007430928809e-27
3.292067449704e-07,0.126046915535367,6.50189051425962e-25,5.26872183081146e-27
3.29553278386158e-07,0.122757840546287,6.50505757965202e-25,5.184581415823e-27
3.29899811801916e-07,0.119544096778259,6.5082246739691e-25,5.0976852911692e-27
3.30246345217675e-07,0.115397262221164,6.5107488963513e-25,4.98200734699849e-27
3.30592878633433e-07,0.112331776552015,6.51395289519711e-25,4.89533226913123e-27
3.30939412049191e-07,0.10940368844565,6.51720485088975e-25,4.80791695926479e-27
3.3128594546495e-07,0.106542478661479,6.52045869641457e-25,4.71759012705931e-27
3.31632478880708e-07,0.103742286114203,6.52371228476643e-25,4.62424590436536e-27
3.31979012296466e-07,0.100072680638703,6.52632024537452e-25,4.49869628690417e-27
3.32325545712224e-07,0.0974679043031132,6.52966780935921e-25,4.40819315554698e-27
3.32672079127983e-07,0.0949224371677609,6.53301944199594e-25,4.31462869171613e-27
3.33018612543741e-07,0.0924352598304527,6.53637634958702e-25,4.21805330365166e-27
3.33365145959499e-07,0.0899154748669597,6.5396730226403e-25,4.11515770899259e-27
3.33711679375258e-07,0.086807028700086,6.54249863580775e-25,3.98544595317693e-27
3.34058212791016e-07,0.0845441274537225,6.54596051458225e-25,3.88900755287702e-27
3.34404746206774e-07,0.0823328795681822,6.54943034576568e-25,3.78943456303962e-27
3.34751279622533e-07,0.0801724037697764,6.55290949997784e-25,3.68679016316532e-27
3.35097813038291e-07,0.0778837799289823,6.55625890579756e-25,3.57314130443455e-27
3.35444346454049e-07,0.0752810513571868,6.55934290802555e-25,3.44158854605279e-27
3.35790879869808e-07,0.0733165478248772,6.56294012990844e-25,3.33964041775442e-27
3.36137413285566e-07,0.0713970029845801,6.56654992961393e-25,3.23453948147308e-27
3.36483946701324e-07,0.0695216554644882,6.57017386491358e-25,3.12636705348357e-27
3.36830480117083e-07,0.0674264250826018,6.57359743424907e-25,3.00115334420564e-27
3.37177013532841e-07,0.0652748450074443,6.57697679038336e-25,2.87077077637831e-27
3.37523546948599e-07,0.0635705836883383,6.58073400184367e-25,2.76421789227312e-27
3.37870080364358e-07,0.0619054317328038,6.58450926703836e-25,2.65457862278647e-27
3.38216613780116e-07,0.0602787317157549,6.58830435582451e-25,2.54196038503926e-27
3.38563147195874e-07,0.0583480939667655,6.59183831219787e-25,2.40518794352159e-27
3.38909680611632e-07,0.05659511411799,6.59554427571898e-25,2.27979867122757e-27
3.39256214027391e-07,0.0551176417807494,6.59949024594032e-25,2.17027429210003e-27
3.39602747443149e-07,0.0536741721084016,6.60346071313312e-25,2.05786079065037e-27
3.39949280858907e-07,0.0522641376818034,6.60745768585496e-25,1.94270408214183e-27
3.40295814274666e-07,0.0504762224401601,6.61115668312217e-25,1.7959564849795e-27
3.40642347690424e-07,0.049072125628059,6.6152122677654e-25,1.68034888768686e-27
3.40988881106182e-07,0.047792139005801,6.61938041612128e-25,1.57063357652802e-27
3.41335414521941e-07,0.0465417000391538,6.62358059381807e-25,1.45843526129199e-27
3.41681947937699e-07,0.0452876495025583,6.62779090794552e-25,1.34142728734483e-27
3.42028481353457e-07,0.043691218819914,6.63178260919602e-25,1.19520116365973e-27
3.42375014769216e-07,0.0425569868409132,6.63617327770942e-25,1.09203351676912e-27
3.42721548184974e-07,0.0414488410327279,6.64060220317533e-25,9.86855643698486e-28
3.43068081600732e-07,0.0403663591600764,6.64507190131392e-25,8.79961644212969e-28
3.43414615016491e-07,0.039169433664682,6.64950341800936e-25,7.60839605532005e-28
3.43761148432249e-07,0.0379005887808335,6.65396206174141e-25,6.40333275104997e-28
3.44107681848007e-07,0.0369192159992424,6.65864802967139e-25,5.48976076276221e-28
3.44454215263766e-07,0.0359604875314427,6.66338201003152e-25,4.56937616441533e-28
3.44800748679524e-07,0.0350240395865066,6.6681668316656e-25,3.6470244868996e-28
3.45147282095282e-07,0.0338815927301427,6.67293458778909e-25,2.59642369999598e-28
3.4549381551104e-07,0.0328931264467961,6.67785752099722e-25,1.82156119758523e-28
3.45840348926799e-07,0.0320445771835644,6.68288776747066e-25,1.20721949520611e-28
3.46186882342557e-07,0.0312156761917584,6.6879771818215e-25,6.21120034154497e-29
3.46533415758315e-07,0.0304061100369646,6.69312892726495e-25,8.71576399210525e-33
